{"/LXNxHyefuUajKQCIrN2Iw==":"mbr-1920x1440.png","krQhURdpyHRwvSiCTAYepw==":"mbr-1256x838.jpg","bPea1FME58YDxZkUmaJRcw==":"mbr-596x397.jpg","wyZaTgR8X9VGejiCPXwvXw==":"mbr-1-596x397.jpg","Vc1xUkFyLcAR9N+01/9SPw==":"mbr-596x398.jpg","uFw90vyzVZ5gYQmyUIRbrQ==":"mbr-2-596x397.jpg","BbnwYTQ/mwRikIuzWrx5wQ==":"mbr-3-596x397.jpg","yj65sRuI116jFLEwblFzpQ==":"mbr-4-596x397.jpg","5oPK1SFHulevFYkrYKzJZA==":"mbr-596x447.jpg","avvqA70996b1K9wVBqlPyw==":"mbr-596x401.jpg","KonTLiEUyrslutBRFAYAsQ==":"mbr-596x401.jpeg","pOu5RVJOYUVtoRmCFCuY7Q==":"mbr-1920x1280.jpg","yhM3E1ZFr8dF18pJX8fqCw==":"mbr-1256x837.jpg","w83uDO7df7KKhPdDldUGYg==":"mbr-1-1920x1280.jpg","7+IaZveUPgj7KRGNlBTXbw==":"mbr-816x544.jpg","tCpP3Zby51T46L6MmgZSgA==":"mbr-1-816x544.jpg","lwgOQaWOCTYj+S01nb8m8g==":"mbr-816x524.jpg","8cRf2rMsVHRj++7zzvhg6w==":"mbr-198x198.jpg","hvxIYJbHmr3+Fqg1rCxUZQ==":"mbr-1256x829.jpg","a0G/KzgRelq7Xgecg5QkzA==":"avenue%20circle%20(1)-96x48.png","c33YcRJ1CUjJhPJ1i91qoA==":"avenue%20circle%20(1)-422x212.png","iEH0AZJGRkzXoK1pYbz7jg==":"brown%20animal%20print%20stay%20wild%20wallpaper-2000x1125.png","Eg4y8JzuIi+Yo43eS2V/zA==":"7-500x500.png","I/3NuT2cKUJK0fKFNdu1wQ==":"8-500x500.png","lvy8w1rBL4R86syJ5Jc7wA==":"9-500x500.png","FMDQbrJ7jZFkb51XYvQFGA==":"untitled%20design%20(38)-1256x1053.png","Q3Iy98t36yM/pkqXwvrg8Q==":"background7.jpg","dsqVrd6t70mOQdqt0dJazQ==":"untitled%20design%20(42)-940x788.png","YA4sKV0zc/JSF3e4bqVhQg==":"avenue%20circle%20(1000%20%C3%97%201000%20px)%20(1700%20%C3%97%201000%20px)-1700x1000.png","VMhHPxL/Z2HUeKMse8gPgg==":"avenue%20circle%20(1000%20%C3%97%201000%20px)%20(1700%20%C3%97%201000%20px)-1476x473.png","dTgsNPD1f+0OR7AMZM+GJQ==":"avenue%20circle%20(1000%20%C3%97%201000%20px)%20(1700%20%C3%97%201000%20px)%20(1)-1256x507.png","Tip1viz1BfQo5ak5oJ6g1g==":"avenue%20circle%20(1000%20%C3%97%201000%20px)%20(1700%20%C3%97%201000%20px)%20(1)-1700x1000.png","yMbGA7n9WuTMhXwZN4lt6w==":"avenue%20circle%20(1000%20%C3%97%201000%20px)%20(1700%20%C3%97%201000%20px)%20(1)-956x562.png","bjaK+hc+YiudgTbSRjd4eg==":"untitled%20design%20(43)-940x788.png","mHORW0ykdG8H6CquiAAlBA==":"background4.jpg","n1dx+NZv3qks526xC0hZ5Q==":"background13.jpg","AaN5J0NbMprYfr+S50GXmQ==":"avenue%20circle%20(1000%20%C3%97%201000%20px)-999x493.png","2GeGI/SpHgDDhHFTsIHYWg==":"brown%20animal%20print%20stay%20wild%20wallpaper%20(2)-1920x1080.png","JwZ3avkYq8I2t6lI8tiyhA==":"shafeeq%20ullah%20(10)-500x500.png","aItMf5p4lM1o7utfR+aSUA==":"processed-ac44d349-69d4-43e4-9ef9-4b86e034ff0b_svsofysq-816x1088.jpg","Yz9HiNRtqMlRVqKN+j08ew==":"untitled%20design%20(44)-816x1088.png","oRykAiO0rUD++7AmPeEwUg==":"background1.jpg","Vb7GgbMoe0curpGYBParsg==":"background3.jpg","/oGp11erGQyyqOIoidIwGw==":"untitled%20design%20(7)-500x500.png","1F6ADoAABkNLZoUVqrkuZQ==":"untitled%20design%20(8)-500x500.png","AadT1oLu3l+02HYFEwN0Sg==":"untitled%20(200%20x%20200%20px)-200x200.png","RO+SgEUycaIHElQ1SKqJ3g==":"untitled%20(200%20x%20200%20px)%20(1)-200x200.png","cQ3GV5hkXfhE4K6RWpxgfw==":"untitled%20(200%20x%20200%20px)%20(2)-200x200.png","zkjwZuChwm3XmzLr8UiRog==":"untitleddesign-ezgif.com-crop.gif","CKxlUEZzQI9Ix89sUCn1wQ==":"untitled%20design%20(1).gif","/H9QMPFXIb+4WhFjSz+WhA==":"untitled%20design%20(2).gif","1iLI9OxINQS1QI9TU7WFfQ==":"untitled%20design%20(3).gif","GkJHlCaHDbYv8KZ0idVSbA==":"avenue-circle-2-422x212.png","ai4xDRKvHp59q564kwmp+A==":"avenue-circle-3-422x212.png","43clgU4oysTJttdfXKW9WA==":"output-onlinepngtools%20(2)-250x126.png","Q0vs7HOf+ldwjbna0VAcEw==":"avenue-circle-1-397x199.png","k4DOKNrDbQ9q6+yGOCohqg==":"untitled%20design%20(10)-816x684.png","nOBajKxEWFmy2MCy3Spi6g==":"avenue%20circle%20(1000%20%C3%97%201000%20px)%20(1)%20(1)-420x201.png","qr6+GRt3ahvd8aiNr8bVSw==":"untitled%20(1200%20x%201200%20px)%20(1)-816x816.png","SILv8LOTfYzrp8/539TAxw==":"untitled%20(1200%20x%201200%20px)%20(6)-816x816.png","GPqFw7phKuYtoMD1JlgEVA==":"untitled%20(1200%20x%201200%20px)%20(7)-816x816.png","0jbxM3YacExjHqbm63OA/A==":"1-1200x1200.png","7/q1+ta89Hl0lMdr2Zqxew==":"2-1200x1200.png","FKYLXRxG8ohnrlDmTve6Jw==":"3-1200x1200.png","CUIrtIzKD8ddbKLCv8ABTg==":"untitled%20design%20(11)-360x123.png","330EMTwwOz4ikCwt0dz/Uw==":"2-373x95.png","HiJ5yt29CMCojEMuycO78g==":"3-363x241.png","AzpPgJF3jr7oj15FGq+IrQ==":"5-350x97.png","Vsjvm7As9SWjhppcOvROMg==":"1-500x500.png","sJbQQP6AQcCX2Dkjokmj7Q==":"2-500x500.png","mWQ0Xa2eUlKBJJpHPwR1gQ==":"3-500x500.png","AH5ftn0uBxREqIhfGmFsfw==":"1-300x200.png","FbfqW9Kbud+PbpYIW/PU0w==":"2-300x200.png","93JdtPsd4ZNRdeLQFdiKNA==":"3-300x200.png","Fx0BFEr1zZ8OFTh8famPMA==":"4-300x200.png","PxJbP4VoojAM3QUn2sKqGg==":"1-200x100.png","sbbcOqR5HOsjTWJHtiQQnA==":"2-200x100.png","tm2QxIi9woPJsAF+5gUUJw==":"1-1-300x200.png","UZjy1+swir+fhhbWzAQUAA==":"2-1-300x200.png","sw9fHH62zo5yovg++xU/wQ==":"untitled%20design%20(12)-1139x339.png","BCJP3sodEIQ23lHBwW7ShQ==":"4-1139x1139.png","HymrQhOK+3CB65sEtqg39A==":"5-1139x1139.png","jXBv5gNCSBWjXovzZYBiSA==":"chris-barbalis-6lyrk3_h42g-unsplash-2000x1304.jpg","XvbeLAwNVoh0IypO9S/DUQ==":"shop4.jpg","5sxqmx0ogUjEJAAJoBVEVg==":"untitled%20design%20(13)-940x788.png","+gcW9EE3aWDD0dpzL0w23Q==":"7-1-500x500.png","ekbRlDoiCFZNVierPjmq3A==":"9-1-500x500.png","0H19wgGFq8FQ+r0vyKGStQ==":"copy%20of%20untitled%20design-937x403.png"}